Username;Comment;Target
;N_Target knp lo gak berani bersumpah dan bertaruh Krnlo pecundang Lo mau lempar batu sembunyi tangan Akun lo aja bodong Lo ngaca Nggak punya kaca Biar lo lihat seberapa pengecutnya lo;['david']
;haha somad somad Muka dekil otak kok ya g malu ngaku ustad;['None']
;hahaha kaum sableng kl berita begini mrk buta tuli;['None']
;hahaha makin stress aja ni umat sableng dlu raja salma jg d catut dlm mslh rijik eh skrg tmbh parah nyatut kepala negara tetangga segitu parahnya pengikut lu mad;['None']
;HIDUP PSI partai SAMPAH indonesia;['None']
;v web abal di bayar brp sih kalianampe rela mau msk neraka emg di injil ga diajarin kali ya Ap kitabny udh di amandemen yahudi Kok org disalib dianggap tuhan Dn knp yahudi nyalib tuhanny tp umatny gk marah tuhanny di salib Brarti pd girang tuhanny m;['None']
;Nggak waras stress berat semoga cepet bunuh diri;['None']
;Org gitu masih ada aja yang belain Astafir Kurangin goblok nya;['None']
;di negaranya diburu sebagai kriminal disini dieluelukan di istana Tragis amat Siapa yang tolol dan konyol Subhanalloh;['None']
;Emang tuhannya ingin seluruh wanita didunia ini di segala jaman berseragam seperti ini Ente emang suka mempersulit diri Onta idiot;['None']
;Harap maklum akhlakul kharimah seorang begundal budak dan jongos;['None']
;Itu tabiat bani onta Kalau bersalah pertama mengikari kedua ngeles ketiga menyalahkan keadaan atau orang lain kemudian yang keempat fitnah wal jamaah Lihat saja yang dilakukan Si Sengkuni al Jogjani kan polanya seperti itu;['None']
;Jadi untuk menjaring suara para pemuja batu dan pipis onta hanya ada satu cara yaitu seolah olah petahana adalah penghina penista penindas agama walaupun tidak ada fakta dan data yang valid Dengan kebohongan dan fitnah yang diulang dan berjamaah;['None']
;Kalau tulisan tuhan itu huruf Cina huruf Korea atau huruf Latin terus tidak sakral bukan keajaiban bukan tanda kebesaran Aulloh Gitu mikirnya tlol banget Emang tuhan cuman bisa nulis arab ya Konyol banget Tapiii ya sudahlah wong kencing on;['None']
;Kelihatan siapa yang kepengin berkuasa menggantikan pemerintah sekarang Tetapi ambisi tanpa prestasi mau tapi tidak mampu Akhirnya omongannya jadi clometan nggak berdasar jadi nggak waras aneh tingkahnya Mereka ini orang frustasi Paham ente;['None']
;Mana suaranya para alumni wan Abud KW Kok cuman pada plonga plongo;['None']
;Membandingkan manusia dengan hewan itu super bodoh tidak senilai Maka klo pertanyaannya dibalik permadi arya tidak menista tidak korupsi dll maka dia sama dengan anjing yg mulia tadi setuju;['None']
;Menurut si Sengkuni al Jogjani yang patut jari koalisi Partai Aullo adalah Paguyuban Korupsi Syariah Gerakan Intoleransi dan Rasis serta Persaudaraan Anti Nasionalis Sertifikat Halal dari langit sedang diurus oleh Sengkuni Segera dibagikan sambil;['None']
;Nggak usah digagas santai saja menghadapi orang frustasi nafsu besar tenaga kurang Anggap saja orang yang agak nggak waras gitu saja Yang penting kita terus kerja kerja dan kerja Semangat bro;['None']
;Inilah contoh yang mewakili akhlakul kharimah kader onta KW Bagaimana jadinya kalau NKRI bisa mereka kuasai orang berwajah Iblis syaitonirojim kayak gini saja bisa merampok duit hampir trilliun Itupun masih banyak pembelanya itu mungkin se;['None']
;Inilah gambaran anak hasil didikan kaum religious bani onta Kalau tidak diselamatkan dari ajaran iblis padang pasir bisa dipastikan gedenya jadi teroris minimal preman berdaster Insya alloh;['None']
;Itulah gambaran tabiat dan akhlak kaum pengusung Wahabi Takfiri Begundal wan Abud Jongos bani onta anti NKRI dan Pancasila Pahlawan negeri sendiri dikapir in dituduh budak sex Keterlaluan katanya orang beragama tapi mulutnya kotor bin busuk p;['None']
;Justru film ini dibuat untuk menutupi adegan yang ente harapkan itu Paham ente Pasti ente belum minum pipis onta syariah pasti;['None']
;Kalau ustadnya aja kayak gini muridnya mau jadi apa Kenapa dagangan jaman jahiliyah masih laku Siapa konsumennya;['None']
;Kan sudah diakui pendukung pasangan A SU banyak yang sakit jiwa;['None']
;Kapan kerjanya wan Abud kok cuman melawak dan cengengesan saja ulahnya Memang spesies wan Abud ini ciri khasnya nggak mampu bekerja baik dan benar jadi ulahnya cuman bikin repot masyarakat;['None']
;Kasian orang ini hidup dalam delusi hidup di dunianya sendiri akibat cuci otak ajaran Wahabi Takfiri Tapi kalau dilakukan secara sadar dia emang dasarnya kriminal anti NKRI UUD dan Pancasila Artinya tidak perlu belas kasihan Tumpas saja sa;['None']
;Kayak lalat nemplok di tempat sampah Dasar sampah masyarakat;['None']
;Ke depannya jangan sampai ada korporasi badan atau perorangan pernah menerima lulusan PT dimana mahasiswa KW dengan otak udang secuil kayak gini Manusia macam gini tidak akan berguna berprestasi dan tak punya nilai lebih bagi employee Sebalikny;['None']
;Kejang dan kesurupan jin padang pasir beri dia kencing onta Insyaalloh tambah parah;['None']
;Klop banget Paguyuban Korupsi Syariah dan penipu ummat koplo Ganti namanya jadi PKSP alias Paguyuban Korupsi Syariah dan Penipuan;['None']
;Krisis moral nih admin mengkritik dengan kalimat tak sopan dan merendahkan;['None']
;KRISTEN AGAMA LICIK AGAMA SESAT YG MELAKUKAN PERNIKAHAN SESAMA JENIS DAN MENCARI JEMAAT BARU DGN IMING DUIT read KRISTENISASI;['None']
;Kristen munafik islam munafik dan cina munafik yg tergabung dalam akun ahoker lebih bahaya dari zionis khususnya cina mereka lebih bahaya dari zionis waspada indonesia;['None']
;Kristen nasi bungkus mau cari dukungan tapi gak laku;['None']
;Kristen yesus di sembah dsr kristen anjing bajingn;['None']
;kritik boleh bego jangan parah admin;['None']
;Kritik dan menghina itu beda cukkk N_Target;['fahiraidris']
;Kritik kok di musuhi rezim gila;['None']
;Kritik rakyat ke jokowi itu udh kaya pendekar yg pake jurus mabok asal Salah satunya ya hewan yg satu itu yg mempunyai nama fahira;['None']
;Kritis boleh tp rasional dongok koq dipelihara buat apa kuliah;['None']
;Kritis boleh goblok karena gak punya otak jgn sampe N_Target;['zaaditt']
;Kritis bolehhh goblok jangan ya ga;['None']
;Kritis otak lau kritis hahhaha;['None']
;pks goblog kok dipelihara;['None']
;PKS Partai Kont l Sapi PAN Partai Anjink Ngent t dan Gerindra Gerakan Intimidasi Rakyat partai ini adalah partai pengkhianat;['None']
;PKS Partai Kumpulan Selangkangan;['None']
;PKS Partai Kumpulan Setan yg akan menyiapkan cawapres;['None']
;PKS babunya IM;['None']
;PKS Partai Komunis Sejahtera;['None']
;Pks pki ideologi isis;['None']
;Pks apa psk sih iniiii kok kotor sekali sih;['None']
;Pks asu;['None']
;PKS ASUUU;['None']
;Selama bukan kafir makan duit umat ga haram hidup islam radikal;['None']
;Selama dia tidak pulang untuk menyelesaikan kasusnya agar tau salah atau benar maka selama itu juga dia akan di cap sebagai manusia cabil;['None']
;Selama ini gw berpikir PKS partai paling najis dgn kasus korupsi paling nista korupsi sapi impor terus duitnya dipake buat main pecun Terus ada kadernya tertangkap ngentot sama abg di mobil Gubernur sumut di gatot ketangkap KPK krn korupsi dana banso;['None']
;Selama ini lo ngocok pele r ya di situ;['None']
;selama ini org yg nyerang pemerintah yg sah siapa ya yg teriak isu PKI memfitnah presiden PKI antek aseng asing dll siapa kw kejam rudolfo;['None']
;N_Target Itu mmg benar dsni tidak prnh mnyediakan berita HOAX sprti kaum bani onta ahli coli jamaah adakah yg demo penistaan agama Coba klau yg kya gtu orang lain terlebih pak ahok atau pak jokowi udah habis an fpi demo bersilit akan tetapi pak aho;['ongis9']
;N_Target ngga semua yg teriak Allah itu Islam BEGO isis beda sama Islam TOLOL isis bukan Islam GOBLOK;['703_jp']
;Susah emang ahoker kontol jokower kontol;['None']
;susah emang bani taplak nggak punya akal logika serba bener bacotnya;['None']
;Susah emang kalo mental pengemis mah Otak sama pantat kalo gk simetris yah bgitu klakuannya;['None']
;susah emang klo org udh buta mata buta hati otak seupil paket lengkap dn hiduppun gak lengkap tanpa menebar kebencian itulah kaum kolor pamakan deddeekk ayam;['None']
;Susah emang ngilangin habbit N_Target kyknya dese pya kepribadian niy Makanya emak gw gw larang suka ngaji ketempat ustadz yg nyari makan dr dakwah Banyak kok ustadz yg berez Tp biasanya gak masuk tipi Jangan dicontoh ye bal;['balifta']
;susah emank kalau d jelasin ke cebong kita pakek dalil juga mereka ga akan paham org iq nya ga nyampek ngomongin dunia aja ga nyampek apalagi akhirat ketinggian breh;['None']
;Tangkap aja kotoran ini;['None']
;Tangkap amin hari tanoe horeee;['None']
;tangkap anjing yg ngepost ni kurung dia;['None']
;tangkap bajingan seperti ini yg ga berani tampakan muka jeleknya;['None']
;Tangkap bakar hidup;['None']
;Tangkap bakarr nih orang perusak generasi doang lu admin goblok;['None']
;Tangkap bawa k rumah gua kasih makan buaya si asu kirik;['None']
;Tangkap buronan laknat itu;['None']
;Tangkap cepetan baut odong ini;['None']
;Tangkap dan di masukin ke bui aja si orang ini N_Target;['fadlizon']
;Tangkap bakar gantung manusia biadab yg Sudah menghina ibu negara gw;['None']
;Tangkap dan telanjangin sekalian diarak dan bonyok tuh wajah dan tangannya kog kurang ajar kebangetan Pasti orangnya jelekkk dan tidak punya pekerjaan nih orang tega banget menghina kepala negara;['None']
;Tapi bibib ngajarin kemaksiatan yaa kalo yg dukung mungkin Wkwk sudah lh ya;['None']
;Tapi dibela kaum bani cabul al togelu wal dajjalu hahaha;['None']
;N_Target gak pernah sekolah kah kamu sampai mulut mu gak berpendidikan seperti gak sekolah buang waktu ladenin org gak jelas sdh kata udah gak kaya org berpendidikan Mikir malu sama muka euyyyy;['agytha']
;N_Target begini nih tingkah laku cebonger ahoker projo hahahaa otak nya di taro di bol;['ahmad_napitupulu']
;N_Target heeyy lebih biadab lu dasar bani serbet lu mau terkenal ye ntr gue bikin terkenal;['ahmad_napitupulu']
;N_Target situ yg gak paham Ulama gak dijaga siapa lagi yg bakal jadi imam Bodo dipelihara Itu maksudnya bro;['albudiono979']
;N_Target akun lu aja lebih sampis gimanaa omongan lu lebih dipercaya;['angga_widi87']
;N_Target lahh ko makin tolol nih orang wkwkwkwk mana gua tauu karna gua bukan anggotanya bodooh;['angga_widi87']
;N_Target masyarakat ga berpendidikan gua tanya malah balik nanya Malu sm anak lu tuh wkwkw;['angga_widi87']
;N_Target mblo Lu kali tuh duda yg disuruh ngurus anak ama mantan istri wkwk ya gpp berpendidikan drps muka lu muka susah wkwk;['angga_widi87']
;N_Target muka lu kaya homo wkwkw;['angga_widi87']
;N_Target ngomong sok berbobot tapi gk jauh dari tong kosong;['angga_widi87']
;N_Target ya emg sih muka lu mirip muka orang utan wkwkkwk;['angga_widi87']
;N_Target hahaha akun busuk Lu ae mati duluan;['gung']
;N_Target Memang harusnya jalan satu satunya adalah hukuman mati untuk orang kafir seperti ini karena endingnya pasti minta maaf jujur saya melihat orang seperti ini panas hati saya semoga orang ini mati secara tragis amiiinn H;['kebangkitan_212']
;N_Target barusan gua lihat n nyadar muke lu tuh mirip bgt yg kyk ngasih kartu kuning ke gembrut anak mami n kyk gay gt;['rafimuhammadi']
;N_Target buktikan tangkap bantai ramai ramai klo anda tau keberadaan pki jgn cuma koar koar bacot gk jelas bikin resah masyarakat;['rafimuhammadi']
;N_Target sabar mblo knp harus emosi toh emang faktanya muke lu mirip ama otak dongo gay itu maaf mblo klo gua salah;['rafimuhammadi']
;N_Target nih bilangin sama saudara lo yg pura gila hahaha;['suriyati_d']
;Anak mana anjing ini min;['None']
;Anjing anjing gue bunuh lo kmprett;['None']
;Anjinx;['None']
;Apik tenan kyie ceramah e pas banget buat cebonger yang doyan lubang tai;['None']
;Astagfirllah semenjak ada si nganu jd byk yg berani berkata kasar kpd agama lain ya pdhl islam tdk pernah seprrti itu klu bisa cari lah tuh perempuan laknatullah mulut wc atau jamban kasih efek jera dikit biar tau sopan santun biar sadar klu di indon;['None']
;Aye dukung bang serampang kaki nye injek batang leher nye ntuh orang gile jadian bersatu jawara betawi;['None']
;Bacok bang ketemu orangnye;['None']
;Bajingan ni bocah jangan di ampuni kalo ditemukan hidup langsung bunuh kalo mati langsung di bakar;['None']
;Bantai muka kaya babi KAFIR ini halal darahnya;['None']
;Bisa hancur negri tercinta ini klo byk cukong dan aseng;['None']
;Bunuh aja yg gnggu ulama kt Sya siap jihat demi agama sya Allahu akbar;['None']
;Dasar cebodat;['None']
;Di bacok aja ni anak anjing;['None']
;Gilanya kan di bikin ama sutradara PKI yg malu untuk terang an alias banci;['None']
;Go blok;['None']
;Gorok skalian bang pelakunya;['None']
;Hajar bang;['None']
;Halah yg nyerang jg paling orang lu sendiri Sok jadi korban mulu menyedihkan Mati ae sono;['None']
;Halal darahnya;['None']
;Halal di bunuh;['None']
;Harusnya di mampusin orang;['None']
;Harusnya dimusnahkan org yg menyepelekan agama amsudah menghina dgn enteng dan ga ada rasa takutnya dia mnta maaf;['None']
;Indukannya liberal pasti anakannya juga liberal buah jatuh tidak jauh dari pohonnya itulah orang yg munapiq kasian gusdur lagi di pukuli malaikat karna kelakuan anaknya;['None']
;Kafir laknat;['None']
;Kafir laknut;['None']
;Kuatkan barisan sepertinya rezim INI sudah mulai menggila;['None']
;Lonte busuk;['None']
;Macam macam gibeng aja siap;['None']
;Mampus bani konde kampret;['None']
;mantap bang tebas lehernya yg coba bunuh ulama;['None']
;Mantap biar kapok buntungin aja dulu tangan nye bang masalah gila apa gk gila belakangan;['None']
;Mantapp bang Hajar tuh preman gila;['None']
;MasyaAllah semakin berani ya ketemu ni orang langsung injek bonyok foto baru upload abis itu lemparin ke kandang buaya;['None']
;Memang otak babi yg survei Goblok survei abal abal alisa survei sampah;['None']
;Merinding Siap aja buat menumpas nya;['None']
;O Wahid found Antek zionis rupanya Baru tau gw;['None']
;orang gila;['None']
;Pijakkan batang lehernya;['None']
;Pura pura Gillaaa Hajar aja biar kapok sekalian Nyawa dibayar nyawaaa;['None']
;Raja kodok skalian sama pengikutnya lagi panik dgn tagar ganti presiden;['None']
;REKAYASA REZIM BIADAB;['None']
;Seandai nya kita ketemu gua pasti akan bunu lu mba jangan menghina Muhammad Rasullah dan agama kami;['None']
;semoga orang gila bunuh kapolri;['None']
;Si kamvret kudu di jotoooossss;['None']
;Sianjing;['None']
;Tempel trusss IB HRS jgn sampai di sentuh atau di lukai sma PKI bangsat;['None']
;Wahai saudaraku pertahankanlah para ulama kita Jika ada fatwa jihad dari ulama alumni baru kita habisi mereka;['None']
;Yes syukak kau menertawakan sekali saja itu sudah kafirrrrrrrrrr tak perlu minta maaf;['None']
;N_Target bener bro heran gw sama pendukung nya amis baubadan wkwkwk;['mariofermi94']
;N_Target kamu jurusan ipa Kok malu in bgt nggapernah diajarin sama gurunya dek kalo baca tuh jangan setengah Bagaimana memaknai sebuah kalimat kalau cuma setengah yang kamu kaji Generasi micin ya dek;['theosenpaiii']
;Adminya kek tai ngakak gue ga udah udah min wkwkwkwkwkwk;['None']
;Ahok Korup Hukum mati Kwkwkwkw;['None']
;awas om tar kaum sumbu pendek terpelatuk;['None']
;Bangga harus nya Sarung itu udh jelas khas yg suka dipake org indonesia kalo ke masjid Pada oon gak bangga sama budaya indonesia;['None']
;Begonya udah kelewat batas ni wkwkwk;['None']
;bejat emang rakyatnya jga wkwk;['None']
;brengsek lu min;['None']
;coba tengok gelarnya mimin Psikolog tapi dia yang gangguan jiwa sendiri;['None']
;Dasar goblokkk lu paham gak sih arti kata dubes mantan ob pea;['None']
;Dhani sekarang kere banyak harta nya sudah terjual yg belum terjual tinggal mulan siapa yg mau diobral barang nya masih mulus dijamin masih tokcer cuma bensin agak borozzz z;['None']
;Di cek ajalah apa sih yg bisa diumpetin buktiin yg katanya balikin modal yg repot kl dana kampanye dari c kong balikinnya minta lipet nyengsarain rakyat kaya itu tuh masi;['None']
;Elu nya aja yg goblok bandung pertama tanya dulu walikotanya gobloookkk baru ahernya klo walkotnya ga bisa diklarifikasi yang kena beginian cuma goblok bin tolol;['None']
;Fahri mulut mu bau taeeeekkkkk ONTA BAHLUL;['None']
;fangsat lucknut auto kafir;['None']
;Fuck buat para koruptor;['None']
;habib setan udah bodo sok sokan lu N_Target N_Target;['rah', 'lisa_oktapiani']
;Hahahahahahahahha kesian ye bibib emang dia ceramah kl pake ac produk sapa mw kmana naek mobil produuk sapa kipas angin produk sapa kaga ngaca sy muslim tp benci apa habib krn semua ceramahnya mengandung saa;['None']
;He he bego bgt dr tglnya aja udh gk ada di peredaran;['None']
;Islam arab kampang;['None']
;ISLAM KONTOL GITU;['None']
;Itu muka purba amat;['None']
;Jaksa kentir yo koyo ngene v;['None']
;Kalau mau tau apa itu mulan ialah makhluk luar angkasa yg tersesat di bumi menclok dirumah dhani tapi makhluk nya cantik lo dan bikin gemes siapa yg lihat monggo ditawar saja melalui fax ke mr Dhani dengan no;['None']
;Kalo git Ente ceramah telanjng aje bib Pakean ente njaitnya pake mesin jait bikinan kafir Hiii;['None']
;Krn mereka pas pembagian otak mereka ga hadir jdnya skrg kepala mereka ga ada otak isinya kotoran semua jd dikit pikiran kotor dan jorok;['None']
;Licik picik entah bingung mo ngmong ap sm species ini munafik bgt soalny;['None']
;MAMPUS LU ISLAM ANJING;['None']
;Mantap simple paka ahok gk kyk sebelah kbnyakan cocot;['None']
;Mending lu nulis di buku diary aja njing gak guna orang tolol macam lu main FB v;['None']
;Mereka yg mengusik pemerintahan itulah belatungnya harus segera dimusnahkan kalau tidak akan menebarkan penyakit pada yang laen;['None']
;Mulut comberan;['None']
;Otak laskar fpi yaa kaya gini;['None']
;otaknya emang dah somplak malah nyalahin Jokowi katanya Jokowi gak memperkuat KPK;['None']
;pandai menempatkan diri L;['None']
;Penjilat;['None']
;profesor jaman batu otaknya ky begini provokator kl ud jd tersangka baru deh berlagak BODOH minta dikasihani fu k off;['None']
;Rizik pengacau bersorban;['None']
;Si rijik emang manusia mulut sampah;['None']
;Tapi anehnya cina sekarang bnyk lgbt dan dajjal nya hahahh;['None']
;UDAH KALAH JUNJUNGAN KAU ITU KAMPRET BANYAK KALI CERITA KAU;['None']
;Udah pernh tes psikologi yah hasilnya apa coba pasti berindikasi psikopat;['None']
;Wihhhhhh Syang ya Gelar Psikolog nya smpai Magister tp Otak dan Fikiran nya kek gini jgn gelar nya itu beli lagi;['None']
;Ya allah neh bibib kyk tuhan teriak boikot cabut jabatan demo emang dia siape;['None']
;Yah gamikir mao aja negri sendiri dikuasain cebong asing beginilah kalo sampah bicara politik;['None']
;Yak lo gada kerjaan juga emg ngomentarin kerjaan org lain Smaa sama sampah mah gausah sok bener pak;['None']
;yg ud pasti sih baru TOLOL doank min ga tau kl nanti ada komplikasi jd belaga GILA;['None']
;Orang BERJENGGOT itu GOBLOCK katanya Saya yg BERJENGGOT mendoakan semoga beliau diangkat penyakitnya dan di beri hidayah untuk jalan kebenaran;['None']
;N_Target bego bolehhh tp jangan permanen Ud nyata dibilang hoakkk Otakkk tolooolll kaya rijik n somed;['_8055_k4mvr3t']
;N_Target enakkk tohhh Anak hasil gelap rijik;['_8055_k4mvr3t']
;N_Target enalkk tohh masa babi dibuat olloh lok haramm Dasar Anak hubungan gelap rijuk;['_8055_k4mvr3t']
;N_Target otak rijikkk emang tai makhluk idup Kalo otak sama kaya rijikkk lah susahhh Isinya toket n memekkk trussa;['_8055_k4mvr3t']
;N_Target udah taik mhkluk idup Tololl boleh tp jangan permanen kaya rijikkk and somed;['_8055_k4mvr3t']
;N_Target ya namanya juga Babi bro pasti muke aslinya mirip babi tuh si N_Target;['_8055_k4mvr3t', 'buriburiizaemon']
;N_Target klo yg suka maki dan fitnah yg suka berita hoax kok ngetag kami ya iblis keabisan follower atau keabisan nama utk akun kloningan caper amat klo gak caper gak dibayar si asu penjual ayat ya;['_pahlawan_bertopeng']
;N_Target cebongers kebanyakan makan tokai jadinya bego udah bego tambah bego jadi dungu;['1bong1digit']
;N_Target itu bencong tertolol bang awas nanti di gigit;['1bong1digit']
;N_Target iya bang itu bencong burik ud di tolak berkali masih aj gila;['1bong1digit']
;N_Target yaaaah engkong baru ge nontot ko dah pada pulang;['1bong1digit']
;N_Target;['a2llysa']
;N_Target adek ayo pergi jangan deket sama cebong tololisasi kayak N_Target itu bisa ketularan nanti;['a2llysa', 'jendral']
;N_Target hahahahaha maklumin ajah dah Otak Tokai Mulut Pantat jadi satu semua disituh;['a2llysa']
;N_Target ouuuh itu bencong toh Yang penyuka lobang tokai yaaaa iiih jijaaaaaaay weeeewwk;['a2llysa']
;N_Target armando betul betul sudah gila harus dibawa ke rumah sakit gila grogol ngaku_ngaku punya Perlindungan Allah swt tapi teman temanya LGBT munafikun orang orang penista agama penista Al Quran penista kanjeng Rasul penista para ulama tukang ngusi;['Ade']
;N_Target dasar cebong Di islam dijelaskan kriteria memilih pemimpin di Alqur an jelas gatau ya oo bukan islam islam kerat kaitan sama politik jika islam tidak berpolitik makan islam akan dipolitik tolol;['alifauziyan']
;N_Target berkata N_Target GADUNGAN ITU ORANG BODOH YG LG PURA PINTER SESUNGGUHNYA DUNGU;['andymubarok_212', 'ustad']
;N_Target PKI yg titit nya blom di sunat;['arifafrizal12']
;N_Target cewek lonte dia mah maklumin lah sdh ga punya harga diri klo ke jkrt juga palingan jajakan diri dijalanan mari doakan semoga sadar diri;['arkhom_maulana_malik']
;N_Target goblok hoax dipercaya;['ayi28irwandi']
;N_Target babi;['buriburiizaemon']
;N_Target BABI PENGECUT OH YA KAN BABI PADA DASARNYA PENGECUT;['buriburiizaemon']
;N_Target gw pengen ketemuan sama loe nih Babi mau gak;['buriburiizaemon']
;N_Target tolol bin bodoh;['buriburiizaemon']
;N_Target tolol bin bodoh;['buriburiizaemon']
;N_Target Woy babi medsos pemakan tai Berani lu muncul ke mari;['buriburiizaemon']
;N_Target supaya otak otak rijik kaya elu sembuh Hahahahahhahahahahahahhahahahahahahahahahaha;['corongpublik']
;N_Target tampol enak nih;['dhanmadhan19']
;N_Target goblok bgt komenan lu ah bocah Kaya jawab pertanyaan anak TK gua;['dvikaaaaa']
;N_Target jakarta kemarin banjir azab kelakuan;['fananipohan']
;N_Target kalo tu tai dan kencing onta bakal emak lu gratisan tuh nnti dibawain;['jabrik_grey']
;N_Target wiwikuwi yg sering masuk got cari muka wong ndesssoooo mulutnya bau ngoahahaha;['jaluhprasetyo']
;N_Target auaaahhh dark prblem with u Bencong di tolak ngamuk;['jendral']
;N_Target banci di tolak ngamuk kaciannn deh cong Muka aj ga berani nunjukin kenapa Takut ketauan bencong ya Takut ketauan burik ya Wkwkkk;['jendral']
;N_Target banci jangan tagged eyke jijik Sok kenal;['jendral']
;N_Target baru lihat eyke di niqab ud stress u cong Gimana klo tau lihat muka asli eyke bisa makin gila u yang ada eyke tolak wkwkkkk;['jendral']
;N_Target bencong teriak bencong kenapa u Curhat ya Mana muka u cong Cinta di tolak ngamuk n fitn;['jendral']
;N_Target bencong triak bencong Nyali kok cma di medsos Wkwkwkwkwk;['jendral']
;N_Target bencong loe kali;['jendral']
;N_Target btw u aj private pakai protes Cong semakin u ngoceh smakin idiot Malu aahhh sama teman u yang bencong burik;['jendral']
;N_Target btw cong Kaum ahoker banyak tuhhh yanh ngomongnya narsis pakai eyke etc segala dasar idiot Makanya di crosscheck jangan idiot maximum;['jendral']
;N_Target bye bencong tinggal dulu ya btw klo ud di tolak jangan gila or bunuh diri;['jendral']
;N_Target cong yang pengecut siapa Ngapain u minta pertemanan pakai accnt fake Pakai accnt asli u cong Dasar idiot;['jendral']
;N_Target eyke lebih najissss ma u Sok kenal n ngejar terus padahal ud di tolak berkali;['jendral']
;N_Target klo bukan bencong bikin pp muka asli kenapa takut ya Ketauan bencong burik btw eyke mo di p;['jendral']
;N_Target makanya main yang jauh cong Anak gaul cwek banyak yang ngomong eyke itu wajar Tapi klo cwok ngomong eyke itu ga wajar Haddeeeehhh dasar bencong burik iri aj makanya klo ga tau jangan sok tau dasar;['jendral']
;N_Target makanya main yang jauh cong jangan main di comberan terus jadiny teman bencong u yang ngomong pada narsis bisa u lihat;['jendral']
;N_Target sorry ya ga terima followers kaum banci burik najisss Kaciannn eyke tolak sakit hati wkekkkk;['jendral']
;N_Target suka eyke prblem with u cong Intiny hanyalah orang tertentu yang tau diriku;['jendral']
;N_Target wkwkakwk ada orang tololisasi sejagad masih belum menemukan ketololan yang nyata;['jendral']
;N_Target iya wan Begitulahhh para cecunguk dungu yang gk berotak;['kemal_pramayudha']
;N_Target orang goblok udah lihat berita asli belon;['kusumaenda19']
;N_Target begoooo Kalo postingg liat dulu idiot;['muslimalqassam']
;N_Target beraninya cm banned fb akhy cebong laknat;['muslimalqassam']
;N_Target IQ jongkok cebong khy;['muslimalqassam']
;N_Target maaf khy chico cm bacot nyali hello kitty ingin nabok mulut org gtu;['muslimalqassam']
;N_Target ulama asuu;['muslimalqassam']
;bubarkan aja gp ansor organisasi yg dipenuhi orang munafik;['None']
;Bukan yang goblok yang g menang tapi cebong sekarang panik;['None']
;bukannya terlihat pinter malah kelihatan bodohnya bikin malu az sama az orng mo lahiran di tangani dokter gigi ngawur;['None']
;bunuh aja;['None']
;Bunuh aja bunuh;['None']
;Bunuh aja tu orang gila;['None']
;Bunuh akunnya;['None']
;Cabul bong;['None']
;Cabutin aj kukunya;['None']
;cari sampai dapat halal darahnya hukum rimba BERLAKU buat IBLIS penghina ULAMA;['None']
;Cariiiiiii tu munafikun Jng ksih kendor;['None']
;Catat partainya tumbangkan mereka china adlah benalu dlm daging utk NKRI;['None']
;Cebong kafir G tau ilmu g tau sejarah tp bacot nya kya yg srba tau Sblm blajar ilmu dan sjarah tntang islam ni cebong kafir hrs nya blajar dl ilmu dan sejarah Kristen yg benar dan yg sebenarnya Cebong kafir cma bs cocot di medsos di dunia nyat;['None']
;Cebong kan gak ada otak Apalagi junjungannya;['None']
;cebong lu nikah aj ama lgbt daripada ngomong gak jelas;['None']
;cebong malah senang bisa nyelam bareng nahkoda aman iya aman ndas mu wi;['None']
;Cebong nya pg goblok bin tolol min Bkan kurang otak lg tp emg kaga punya otak min Mikir nya z pke dampal kaki Wkwkwkwkwk;['None']
;Cebong pea Klo nangis didpn lobg anus ya;['None']
;Cebong udah fitnah habib yg buktinya diragukan eh junjungan nya yg hancur diselingkuhin kejang dah lu bong wkwk;['None']
;Dasar Dubur;['None']
;DASAR GOBLOK GK PUNYA OTAK YG PUNYA IDE;['None']
;Dasar otak bahlul tuh orang Susah fitnah buat alquran Coba dengar kata pak UAS tentang ayat tersebut Ayat itu bukan menjelaskan tentang menghalalkan LGBT ato homo sejenisnya Parah neh orang;['None']
;Dasar pecundang;['None']
;Dasar penyembah patung emang;['None']
;Dasar tua bangka;['None']
;Dasat kambing lu;['None']
;Jgn percaya PDIP nipu wong cilik kerjanya;['None']
;Orang ratusan saja bilang jutaan dasar pengikut setan iblis boneka pki china;['None']
;Munafikun pengikutFREEMASONRY;['None']
;BU SUK MU LEBIH MENYENGAT DARI BUSUKNYA KAFIRR FIRAUN;['None']
;Hnya d pmrinth skrng mrka pd kurng ajar sm mayoritas trutama kaum munafiik;['None']
;muak sama banser yg ga jelas dan gp ancur;['None']
;Hanya ada di rezim tongkol orgil bunuh kiai;['None']
;N_Target ciyus bebeb ehhh mau pisang gak;['lovitasd']
;N_Target kalo di punggung itu namanya moshing;['lovitasd']
;N_Target kamu selalu ada di keningku dong;['lovitasd']
;N_Target kamu semakin membuat jidatku galau;['lovitasd']
;N_Target kepencet pisang mimin euy;['lovitasd']
;N_Target habib kok g balik;['mirza_sitanuri']
;N_Target kenapa ahermania su udzon Oh iya emang kerjaan;['mirza_sitanuri']
;N_Target yalah Mak banteng udh siap nyeruduk Wkwk;['mirza_sitanuri']
;N_Target benerin dlu ibadah lu sok an bawa ayat suci;['r_palevi']
;N_Target bibib kemana yaa Kok umroh lama amatt;['riyannuryanto']
;N_Target mau periksa apa lagi Bahkan BPK yg audit pak ahok aja uda TERCYDUKK maling teriak maling;['rizalarba33']
;N_Target kasian juga bibib ga pulang;['rizqi_amsaina11']
;N_Target kalo mau komen yang berilmu Kalo belum paham tanya kalo nggak tau apa dan nggak mau tau mending diem biar nggak malu in diri sendiri coba deh lu baca komen gw dan lu kaji komen lo terhadap kome;['theosenpaiii']
;N_Target wkwk Bang kalo baca tuh sambil di cermati jangan setengah bacanya coba deh baca dari awal Kok yang sekolahnya gapernah melamun untuk mengkaji kata gitu;['theosenpaiii']
;N_Target mungkin lagi ngemut asem;['tutty_three78']
;N_Target yg banjir kota bandung apa kabupaten mas;['y626299']
;N_Target pak ahok bukan pak Jokowi itu kan program Ahok;['yudistirahtm']
;N_Target jangan cuma pandang agamanya saja ini politik bro;['zahrul_fuadi94']
;aa kalo ga ada hub nya ama pilkada dki mah ogah urusin keles;['None']
;Aa lg menikahkan anak gadisnya min Sibuk kayaknya;['None']
;Aa lgi sibuk ngurus anaknya mau nikah min;['None']
;Abang Kurikulum Sekolah dasar kita itu udah di putar balik kan fakta sejarah Masa Juni hari lahir Pancasila gak di titik beratin;['None']
;abis ini om telolet di haramin sama sumbu pendek;['None']
;Abis nie yang liat cewek bakal dilaporkan polisi apa apa koq polisi smoga polisi semakin bijak n gak gampang di intervensi sebagian orang;['None']
;Ada kuis nama nama ikan gak tuh Kan lumayan hadiahnya sepedaan bisa buat obat galau jadi gak sibuk mainan twitter;['None']
;Adeuhhh gimana logikanya coba Mas Bima arya walikota Bogor saja sudah sangat kewalahan Koq mundur beberapa blok cara pemikirannya anies Sementara Pa Ahok mengadopsi sistem transportasi massal dari Negara maju;['None']
;Admin N_Target kenapa pas saya search di fb malah gak nongol Apa saya kena block ya;['memehumorpolitik']
;adminnya pro kecebong;['None']
;Ahok kemana yak Kok sepi;['None']
;Ahokers belum move on wkwkwkwk;['None']
;Bang paman seina lama kok mirip yg di tipi itu yaak yg dlu bilang keponakanku;['None']
;Belajar fakta sejarah dari pada mimpi dan hayalan;['None']
;Beliau masuk orng terkaya di indonesia di bawah Umur tahu mantan ketua HIPMI Nasional sebelum terjun ke dunia politik sudah bnyak brkontribusi untuk kemajuan umat dan bangsa Yg nyinyir udh berprestasi dan berbuat apa;['None']
;Belum april mop kan min;['None']
;Belum kelar harusnya murid kalo banjir impian dipimpin sama pemimpin yang dipenjara gimana pak guru guru bikim akun meme humorpolitik;['None']
;Belum sembuh dr truama di najwa;['None']
;Benar jenderal dia terbuat dari emas permata bukan dari tanah katanya;['None']
;Berkat PDIP itu jadi lembaga terkorup;['None']
;delete account min mendingan tapi tetep ya cuitannya nongol di berita haha pindah negara aja yuk minn;['None']
;Demi dewa Odin Thor Loki Dewi antena dan para Saint Seiya saya tidak rela Godzilla datang jadi Saksi;['None']
;di bogor gak ada yg brubah angkot msh ngetem dmana masih macet gak perubahan yg lbh baik;['None']
;Di mulai perang kampanye putaran nonton ahhhhh saling hujatan dan cacian makin edunnnnn telolettt;['None']
;Hahaha belajar mitigasi bencana dulu baru ngericos ttg artinya penyebab banjir dan cara mengatasinya Pemerintah kemaren asala gusur daerah sempadan sungai tanpa solusi konkrit tapi pihak kapitalis atau swasta selalu diberi lahan buat bangun cluster di lu;['None']
;Hehehe keliatan istrinya pak Agus belum bisa masuk dunia politik;['None']
;Hmm Susah ya ternyata ngerti sarkas Byk yg gagal paham;['None']
;hok hok gmn ente gak dibenci berjamaah wong uang masuk orang ente basmi Wakakaka;['None']
;Huahahaha paling ganteng jg x min;['None']
;Imam besar kok gitu;['None']
;Ingat Teman Surat Al Baqarah Ayat Sebagai Berikut Allah Subhanahu wa Taala berfirman Orang orang Yahudi dan Nashrani tidak akan ridha kepadamu hingga kamu mengikuti;['None']
;Inget admin yang sekarang jadi pemimpin dan sekaligus pengusaha dulunya bukan hanya sandiaga lho pemimpin yang diatas juga sebelumnya penguasaha;['None']
;inggeris ingerisan Om hihi;['None']
;ingin saya katakan tidak pada FPI tapi tidak boleh;['None']
;Ini kocak N_Target N_Target N_Target N_Target;['kvtirza', 'hmargarethelena', 'ebriliyanti', 'sallyfebriana']
;Ini koplak puooll mbak N_Target;['macrame_bali']
;Ini miminnya memihak nomor ya Keknya postingannya byk yg nyindir Pak Anies gitu;['None']
;Ini nah photoshop;['None']
;Ini yan plin plan medianya apa siapa;['None']
;Ini Maksud mimin Saya;['None']
;Inilah yg namanya retorika;['None']
;Ira Koesno warbyasah v;['None']
;Itu jangan bawa bawa agama lahh;['None']
;itu kismis;['None']
;Itu sama nyonya memo sblahnya;['None']
;Iya juga ya;['None']
;Iya juga ya malah jadi kutukan;['None']
;Iya kalo ketemu nya sama tukang koar kopar kapir ya min N_Target;['memehumorpolitik']
;Iya udah beruntung cuman yg sekarang banyak gk tay diri gitu mentang mentang gratis wkwk N_Target;['enig_magine']
;jadi maksudnya bayar kontan ngomongnye belibet yeee pegimane sih;['None']
;Jangan mudah percaya sumbernya mana Jangan jadi pembaca tanpa observasi dong Tolong bijak dalam bertindak;['None']
;Jd inget yg KABUR ditanya LISTRIK NAIK wkwk wajar yang lain ngikutin mungkin mengisnpirasi Wkwk;['None']
;jelas google funya mamarika kok ga berani boikot kenafaaa fenistaan terhdaf mamarika;['None']
;Jman dulu pemimpin yg bener juga selalu diolok dan dicari kesalahannya wkwk;['None']
;Kabinet ramping ga jadi Ga bagi jabatan ga jadi dolar ga jadi Beli freeport ga jadi Buy back indosat ga jadi Bagi traktor ga jadi Ga cabut subsidi ga jadi Ga utang luar negeri ga jadi Stop import ga jadi Gunakan akal sehatmu;['None']
;Kalau omfong ngak wisa ngingit fisa hot;['None']
;Kalau pemimpin kerja sama sama rakyatnya gak bakal ada masalah di lingkungnya masalah banjir ayo sama sama gotong royong untuk mengatasinya;['None']
;kalo Mark Zuckerberg tau hasil karyanya difitnah gini dia bakalan terima gak ya kalo enggak gue bakal bilang sama beliau kalo ada warga Indonesia yang nyalahin karyanya;['None']
;Karena fadli zon dan fahri hamzah kena pindak pidana pajak gara keseret kasusny handang yg udh d tangkap dlu an ma petugas kpk;['None']
;Kenapa udh banyak org yg mulai mengira hasil kerja pak anies sandi padahal keduanya pun belum merasakan secara resmi atau bekerja nyata menjadi dki dan dki Presiden aja dinilai kinerjanya setelah jabatannya selesai Berseberangan boleh tapi pakai aka;['None']
;Kl jd wagub pasti korup duit utk balik modal kampanye Apalagi otak pengusaha pasti cari untung Gawat deh kl dia sampe menang;['None']
;Knpa y rata pendukung ahok pake akun palsu buat nge hina Dan mudah di bohongi berita gini;['None']
;Mana berani kl roti mereka boikot krn emang ga sanggup beli sari roti hari makannya gorengan sama singkong lah kl twitter mereka pakai saban hari utk nyebarin hal jorok dan kotor mereka kan seneng yg kotor dan jorok jd mana berani boikot;['None']
;mau nanya kalau rata tps banyakan milih no kenapa hasil quick count nya ahok sama anies beda tipis ya;['None']
;Menghalalkan segala cara kalau kepilih jakarta digadaikan anies;['None']
;Merasa mayoritas dan ingin mendapat lbh makanya org begini ga bakal sukses Tuhan jg tau sifat manusia spt ini contoh bill gates semakin besar semakin berbagi dan semakin merendah seharusnya yg mayoritas berbangga krn negara ini bisa memberi tempat kpd mi;['None']
;Mimiiinnnn kok fp humor politik di fb suka ilang yahh imiinn ngajak main petak upet yaa;['None']
;Min buat dong lucu lucuan perseteruan dua kubu kubu yang atu lagi nonton pertarungan itu sambil tersenyum dapat rejeki kaget;['None']
;Min jgn di bully lg ah dia lebih ksatria dr capres yg kalah dlu lhoo meskipun menang di postmetro jg ga pke sujud syukur lgsung tlp pak Ahok ucap selamat;['None']
;Mungkin baru sebagian yang mau diajak kerjasama;['None']
;mungkin dia lebih suka yang ujungnya gede dan mengkilat;['None']
;ngomong tok coba dipraktekin beramal ga usah bacot muslim tapi mau ngatasin banjir aja kudu jadi gubernur dulu wgwg;['None']
;Ntar rivalnya musuh bebuyutan dari paslon yang kalah di putaran jakarta imajinasi begono;['None']
;Oh mungkin harusnya adu joget lha ini pilkada apa dangdut akademi;['None']
;Oh terimakasih pak anies Sy ikut bangga al xis ditutup;['None']
;Orang jawa barat yang hadir ada yang bisa nyebutin hasil positif apa gt untuk perubahan jawa barat selama hampir tahun ini;['None']
;Orang kurang Telolet mah emang begitu;['None']
;Owh hahahaha tar dikejar ma pepo memo kan repot;['None']
;Penistaan FPI HAHAHA;['None']
;Penjara anjirr no dua wkwkkwkwkw;['None']
;Penyebabnya karena temen gue ngawur tingkat dewa;['None']
;Piye jal sahabat Hanif N_Target N_Target N_Target;['pmiipancasilabrawijaya', 'pmiibrawijaya', 'pmiifisipunej']
;Pizza mungkin asalnya italy Tp warungnya dibangun di Amerika;['None']
;Politik mah gitu ya emang bunglon Karna ga ada musuh pun teman yg abadi Kepentingan yg abadi;['None']
;Posting lagi dong N_Target;['memehumorpolitik']
;Produk kafir keren lhohh kamu pikir instagraman pake android produk siapa;['None']
;Raja Kerajaan Demak pertama konon bernama Han Boen berganti nama menjadi Raden Patah oleh sebab itu masjid di Nusantara memiliki Bedug yg berasal dr budaya Tiongkok Berbagai alkulturasi budaya lainnya seperti tradisi Warak Ngendok Singa Barong di Jawa d;['None']
;rakyat ndasmu;['None']
;Rakyat tunggu penjelasan di debat nanti mengapa berubah ubah Kalo akui salah akan dpt jempol seperti ketika prabowo di debat dulu akui jokowi punya ide program yang bagus;['None']
;Rizieq sehat;['None']
;Sampah hahahah takut ea pak gak disetujuin program dan kegiatannya wkwkwk;['None']
;Sampai berakhirnya debat cagub DKI Jakarta saya suka dengan bahasa tubuh paslon dan Debat boleh panas dan partai pendukung boleh beda tp hubungan personal dan sosial tetap adem ayem;['None']
;Sandi uang nya dapat nemu dibantar gebang;['None']
;Saya bisa jawab asal sepeda nya tetap untuk sby Hambalang tol trans jawa pemabangkitt listrik tpa sampah bandung sumber air bandar lampung wah banyak masih ada proyek mangkrak yg merugikan negara hampir trilyun wah dikema;['None']
;Saya cuman nanya Bu knp skr lgi trending knp Bu Langsung d blokir hhhh memo sensi banget;['None']
;Saya ga mengerti dari sisi mana lucu Jelas dr dulu jokowi emg gitu Dodol dah;['None']
;seandainya pas msh sekolah gubernurnya udah ahok;['None']
;Sebenarnya g ikhlas kucing kucing comel jadi simbol group onoh;['None']
;Sebutkan anggota dpr dan mentri jago korupsi dijamin mu sby nanti ambil sepeda ontelnya;['None']
;Sekarang coklat haram loh min;['None']
;sekarang kriminalisasi ul m katanya;['None']
;Selamat buat warga DKI Bentar lg punya gubernur baru yang progja nya luar biasa dan yang penting santun;['None']
;Serba salah juga sih Min Kalo ga begini tar takut malah rusuh;['None']
;Sudah di tandatangani kalo salah kenapa mau tanda tangan Frihatin;['None']
;Susah emang wkwk terus pas di ss dikira goblok beneran gw bilang gw nge sarkas om dan balasan mereka sarkas kok bilang bilang;['None']
;Tarzan nya pakai sorban;['None']
;Timses itu beda dengan staff tolong di catet;['None']
;TNI AU aja sudah muak sama MEREKAH LOLz mampos D;['None']
;Tolol admin yang posting Lu pernah gak sih liat orang gali sumur di gali malah keluar air trus kasus lumpur lapindo yang di gali malah keluar lumpur versi bumi datar nggak se cetek otak lo min jadi jangan bawa kaum bumi datar untuk politik Kalo;['None']
;Twitter kan produk kafir Knp rizieq mau ngaca Katanya sih ga boleh pake produk kafir kenyataan dia sendiri make;['None']
;Udh bae dibuatin ke bus malah mau buat angkot lagi N_Target huuftttr;['sk']
;Ulama mah yg adem jgn tendensius gt a Nyebar hoax ntar kalo di lurusin kita dibilang melecehkan ulama Ah sudahlah ente yg paling bener deh pokoknya;['None']
;Wahai Kaum Muslim Ingat kepada Rukun Iman kan Humor Politik ini dia Racun Tampa Kalian Sadari Dia Mendoktrin Kalian Dengan Keburukan ISLAM Tentang Habib Rizieq FPI Itu Ormas Yang Sangat Berani Karna Ahok Sudah Sejas Bersalah Kaliam Umat Muslim Yang Men;['None']
;Wakaka anggap aja ane yg bego Itu bukan hoax itu joke Joke kan yg tempat duduk kendaraan kan Ah sudahlah;['None']
;Walisongo pun banyak yg keturunan tionghoa ada jg yg dr vietnam;['None']
;Wkakakakak pak pak konsisten dong jangan jangan sama istrinya juga ga pernah konsisten;['None']
;Wkwkwkw siap siap dipimpin the king of kata keberagaman ampe eneg gue dengernya;['None']
;Wkwkwkwkwk Dari postingan yg nt share jg mengandung politik kan min Di bayar berape lu;['None']
;ya ini mirip jg dgn pejabat dulu yg tak mau dikait kan dgn PKI;['None']
;ya itu trgantung kebijakan kepala daerah masing itu foto ahok kn jakarta;['None']
;ya semenjak habib novel bilang dr itali min udah min jgn d bahas terus ntar ente d boikot karna meme asalnya dr amrik hahahah;['None']
;yah namanya juga mau jadi gubernur apa aja juga dikata biar dikata mikir ga mikir;['None']
;Yakin dong kan yg penting seagama wuakakaka;['None']
;YAKIN DONG yg penting kita udah ngikutin perintah agama;['None']
;Yakin lh dipimpin gubernur islam;['None']
;Yang komen mungkin kuper liat tuh presiden papua nugini lebih lucu pakaian nya persis rok perempuan dan beberapa negara di afrika pakaian nya lebih ekstrim tapi gak dicemooh tuh ama rakyatnya;['None']
;Yg namanya ulama infotainment klo berhubungan dg infotainment pasti slalu tampil;['None']
;N_Target demen banget dibegoin trusss;['_8055_k4mvr3t']
;N_Target hahahaha sakit hati gara ditolak;['a2llysa']
;N_Target ya sudah lah Kita yang waras pulang yu Biarkan para cebongers kembali kehabitatnya;['a2llysa']
;N_Target Apa yg perlu saya ingat Saya lupa;['aktifis_mediasocial']
;N_Target Yang bilang kau takut siapa Kau pikir takut aku sama mu a Memang Lagian ngapain kau bawa bawa micin Kau pikir udah hebat kau itu Memang bilang juga;['aktifis_mediasocial']
;N_Target Gitu lah bilang dari tadi Kan kalau kek gini kan enak ngomong nya Nggak perlu emosi emosian tapi ngomong ngomong anak mana bang Dari cara bicaranya kayak nya sekampung kita ini;['aktifis_mediasocial']
;N_Target Kau lah yang pintar itu Banyak penelitian mu Dapat beasiswa kau Emosi aku ini Kau jangan mancing mancing Aku kalau udah emosi gak bisa kulihat telinga ku;['aktifis_mediasocial']
;N_Target hahaha bisa aja Abang ini melawaknya bahh Semua nya kita anak mamak bang Ya andai kata pun ada yg enggak paling paling itu anak mother;['aktifis_mediasocial']
;N_Target hahaha begitu nya rupanya bang Aku pun baru baru nya punya Instagram ini bang makanya heran kali aku lihat postingan instagram ini kurang tau sih aku komat bang;['aktifis_mediasocial']
;N_Target Kan lagi ngurusin jokowi topik kali ini doang negara kan banyak ada mentri dll urusin juga dong;['ana_nst_nst_nst']
;N_Target kan postan ini lagi bahas bapak jokowi gimanasih Berarti lagi ngurusin dia doong Ah emosi aja malu ni sama saya yg bocah;['ana_nst_nst_nst']
;N_Target oh gitu udh dipilih sah kan Ko kalo ada kurangnya dikomen terus kenapa ya kak;['ana_nst_nst_nst']
;N_Target tapi beliau juga orang kak Kasian dikomen netijen terus kudu sempurna terus;['ana_nst_nst_nst']
;N_Target assalamualaikum mas jika memang sudah di klarifikasi mohon etika berbicara nya di jaga Atau bisa DM saya Sampean orang mana mas;['andikaprastiyo82']
;N_Target disini untuk mengatakan Atau menggiring opini yang jelek ke PEMERINTAHAN siap Jika sampean Paham dengan Sistem Pemerintahan Sekarang Antum gak akan Berkata Demikian mas;['andikprastiyo82']
;N_Target jika antum bisa Santun sedikit dengan Orang alangkah baik nya tau lebih dulu untuk materi yang disampaikan nya jika memang itu sudah HOAX menurut ente Dan maaf jika antum Gk mengerti tentang Sistem Pemerintahan sekarang jangan baha;['andikprastiyo82']
;N_Target cebong kesindir;['andikprastiyo82']
;N_Target dan ini bukan akun bodong;['andikprastiyo82']
;N_Target Hhhmmm sepertinya Anak zaman now gagal paham beretika Kharakter Budaya Indonesia;['andikprastiyo82']
;N_Target pertanyaan ente udah ane jawab semua mas baca baik pertanyaan ane yg belom ente jawab;['andikprastiyo82']
;N_Target wess takut aku sama kau kek macan aja;['andikprastiyo82']
;N_Target udh bnyk kejadian masa dibilang hoax melek dong;['andra_wm']
;N_Target mak erot masih buka keknya;['antoonyet']
;N_Target coba buka N_Target uda ada klarifikasinya cuma kan blum minta maaf sama masyarakat intinya bhentiin aja tu acara sampe lupa acara bagus itu ga melulu modal hahahihi tapi yg berbobot dan mendidik;['arhiieharun', 'dahsyat']
;N_Target BEDA Islam lah agama yg paling lurus tiada sekutu bagi Allah yg Maha Pengasih lagi Penyayang dan Nabi Muhammad SAW itu utusanNya Nabi terakhir zaman;['arikamare']
;N_Target HWAHAHA NGAWUR Mana buktinya jika Isa Al masih anak Allah Coba terangkan di kitab injilmu yg sudah diacak kemurniannya;['arikamare']
;N_Target iya sih karena dua perbedaan kepercayaan di debat itu ujungnya tidak nyambung Karena islam dan Kristen itu beda kepercayaan walaupun sebenarnya tuhannya sama Jadi intinya agamamu ya agamamu agamaku agamaku Yg terpenting adalah menjadi warga;['arikamare']
;N_Target memang Allah tpi bukan agama kita sama nasrani ya nasrani islam ya islam Tak ada kesamaan;['arikamare']
;N_Target yesus anak tuhan Tuhan adalah bapak Di kitab alqur an saya allah swt maha agung maha pencipta langit dan bumi beserta isinya Berdiri sendiri dan tak beranak dan tdk pula di peranakan Ya klo pengen tahu coba pelajari di surat al baqarah ay;['arikamare']
;N_Target taktik licik oleh seroang yg licik Karena bencimu jadi logikamu ketutup bro Tabayun;['arroyah']
;N_Target itu presiden apa kontraktor sih kok proyek infrastruktur mulu yg di uber;['aru_osaka']
;N_Target baca kepsen om _;['assalam2402']
;N_Target ciri ciri orang males baca nih wkwkwk;['assalam2402']
;N_Target terus bukan Allah yg menciptakan mereka;['b']
;N_Target tuhan bapak itu allah;['b']
;N_Target yg bilang agama sama siapa tuhannya yg sama pfft;['b']
;N_Target jgn percaya cm gambar org gila gambar daftar nama kyai Di gabung pake PHOTOSHOP apa itu bisa di sebut berita Ini cm HOAX;['bambangarmyanto']
;N_Target iya mereka minoritas aja songong gmn mayoritas penduduknya;['budivalhoten']
;N_Target GW PENGEN TAHU SEBERAPA BESAR NYALI LOE DI DUNIA NYATA;['buriburiizaemon']
;N_Target hahahaha Enak nya ente mau di slesaiin di sosmed apa ketemuan;['buriburiizaemon']
;N_Target melawan lupa Kasus mantan PM thailand;['capcaisyin']
;N_Target Aaamiin Yaa Rabbal aalaamin;['cinta_nabidanhabaib']
;N_Target aamiin;['cinta_nabidanhabaib']
;N_Target boleh cek ig ato fb saya silahkan ato mau saya fotoin ktp dan identitas saya yg lainnya mau yg mana;['cucu_khoiri']
;N_Target di daerah saya pembangunan terasa tol sudah tahap demi tahap terlaksana tidak ada pencitraan;['cucu_khoiri']
;N_Target duh bos jangan terlalu nampak maaf bodohnya bos identitas lain selain KTP itu bisa SIM Akta Lahir KK dll gimana sih bos kok gitu aja gak tau n saya ini orangnya apa adanya bos kalo foto gak ahli masalah edit ampun deh itu ig;['cucu_khoiri']
;N_Target hehe anak gak pernah menghargai kinerja orang Dan gwe tetap apresiasi kinerja pakde Gwe mau dukung elu Apa yg mau di dukung coba Elu jga gak punya prestasi kan buat indonesia Gak usah sok fitanah Nyesel loh nnti hehehehe Kalo pakde p;['cucu_khoiri']
;N_Target insfrastruktur di bangun jga untuk mempermudah masyarakat Memprrmudah segalanya Berfikir cerdas napa Jangan pake sumbu pendeknya hehehe Gak usah munafik lah intinya semua butuh kerjaan semua butuh uang untuk kehidupan sehari Dari keb;['cucu_khoiri']
;N_Target kau tau apa soal membangun Saya ini lahir dan besar di papua Presiden dari dulu hingga sekarang yang benar membangun adalah Pak N_Target khususnya diwilayah papua Sperti jalan trans papua bandara dan pelabuhan dll karena akses dari dae;['cucu_khoiri', 'jokowi']
;N_Target lu percaya gak presiden bisa memperbaiki perekonomian Kalo lu gak percaya Dan percaya sama statmen sendiri sok lu pikir bagaimana cara membangun perekenomi negara Semuanya menggunakan strategi Gak asal jebret jebret Mangkanya per;['cucu_khoiri']
;N_Target saya pendukung jokowi teh Saya publikasikan Emang kenapa coba kalo dukung pakpres Beliau sudah maksimal dalam menjalani kinerjanya Pembangunan di mana Itu sebagai strategi untuk memperbaiki ekonomi negara;['cucu_khoiri']
;N_Target tidak di daerah saya tol Bocimi sedang berjalan prosesnya kalau tidak ada tol tersebut nantinya jalan yg selama ini ada akan mengerikan karena truk besar dan transportasi umum menyatu bulan ramadhan tahun kemarin ada ibu ibu maaf meni;['cucu_khoiri']
;N_Target tausyah aa bong baca tuh kalau ada yg gk kalian ngerti silahkan tanya ke yg bersangkutan tapi apa cebong bisa mikir yaa;['dewipriyanti2424']
;N_Target kerjaan ga jelas ga ada manfaatby lebih banyak mudorotny bikin jln dpapua kaljma tan toh dsana ga macet;['dide_hijaudaun']
;N_Target N_Target N_Target N_Target mohon selidiki akun N_Target;['divisihumaspolri', 'bssn_ri', 'cybercrime', 'polresbogor', 'muslimalqassam']
;N_Target jokowi presiden presiden adalah kepala negara dipilih sah oleh penduduk indonesia indonesia punya ratusan juta penduduk nah untuk isu negara yg sedang d ambang kehancuran dr segi ekonomi dan politik siapakah yg harus d bahas dan berperan s;['dvikaaaaa']
;N_Target mba mohon maaf semua orang itu tidak luput dari kesalahan Kita yg harus mengingatkan pak jokowi adalah pemimpin negara ini Dia wajib tau permasalahan apa yg menimpa negara ini Benar ini mengkritik pak jokowi tp mengkritik untuk mempengaruh;['dvikaaaaa']
;N_Target benar Gub Anies sedang memeriksa kasus korupsi di pemprov DKI dg mmbentuk KPK lokal Dan mrk yg pernh korupsi pasti sekarang sedang mncari cara utk menyelamatkn diri dn uang hsl korupsinya Salah satu cara adl METODE PENCUCIAN UANG;['edwardsyah58']
;N_Target iyah masalah buatlo;['erdy_susandi']
;N_Target santai aja brooo memang ada masalah buat looo justru mengangan angankan peminpin yang jujur dan baik ituu wajar sbb sudah kebnyakan yang cuma ngomong doang dan penipu;['erdy_susandi']
;N_Target Amin Kalau gubenurnya pro wong kaya Imannya tipis bisa bisa di sambangi KPK Semoga pak Anis dan pak Sandi selalu dibimbing Allah SWT;['faiyarma']
;N_Target semua sudh jelas ya;['faridahhasan_']
;N_Target sy jg dah lm ga nonton acara sprt ituu ga ada faedahnya ku rasa;['faridahhasan_']
;N_Target semoga dapat hidayah yah antum;['febriantidanty']
;N_Target agama islam tida melarang berpolitik cebong;['febriyan97']
;N_Target maunyaaa digoyaaannnggg;['hanna_heroe']
;N_Target jng di pikir anda aman sdah mncela ulama kami Ingat dng bantuan Allah swt yg maha tau sgalanya anda akn kami ketemuksn mski anda lari keubang semut pun;['hartoyomdn']
;N_Target rajin rajin lah ke psikiater ada gangguan kejiwaan tuh;['hartoyomdn']
;N_Target mas bro rakyat yg memilih presiden lantas knpa rakyat tidak bisa pecat presiden;['heriansyah2233']
;N_Target jgn membawa nama seorang ibu Saya rasa anda mengerti;['heriyadi_rie']
;N_Target dwonload di play store sama kaya fb dah;['hermansyah0313']
;N_Target udah banyak ko yang pake;['hermansyah0313']
;N_Target lah udah lihat post mimin yg bru belon cek dah;['hotpop3102526112016']
;N_Target maunya gimana;['hotpop3102526112016']
;N_Target enakkk tohhh;['hundred_names_']
;N_Target memang betul adaa ktp di buat oleh pihak aseng dari tangan kotor rezim hehe;['iam_budi']
;N_Target saya pernah melihat pendatang dari nergeri tiongkok punya ktp dan sim indonesia dan mereka kerja ditambang batu bara bro;['iam_budi']
;N_Target habis kita semua klu mrka mayorits semakin sehari semkan jadi kita direndah kan knpa ya umat islam juga msh blm bisa besatu padahal sdah bnyak korban yg mati dinegara lain;['ibunk_gondronk']
;N_Target s bngt orang islam skrng dijadi kan makanan ole mrka;['ibunk_gondronk']
;N_Target pasti gk dikasih kendor dong hehehw;['indie_fdha']
;N_Target justru yg menyiapkan mengusung gatot TGB adalah prabowo setujunya loe sama aja sepihak sama prabowo biasanya yg kek gini;['indranazar_999']
;N_Target kaya baru liat orang yg pura lugu aja Atau mungkin kalian termasuk orang yg pura lugu juga Sama kya sperti pimpinan anda;['izulhqq']
;N_Target infrastruktur yg mana jalan tol bertarif kok bangga lagian yg pakai tol sdh pasti org mampu lha katanya pro rakyat kecil mana;['jek284']
;N_Target kinerja dgn hutang yg meroket rakyat juga yg dibebankan dgn menaikan harga kebutuhan pokok Mngkin seperti kita masih mampu membeli y tapi bagaimana dgn rakyat yg hidup menengah kebawah Kita hrs juga pikirin mereka dengan memilih pemimpin yg;['jek284']
;N_Target percaya gk percaya harus percaya suka gk suka harus suka mau gk mau yaa harus mau namanya jg kekuasaan tertinggi di pegang Presiden org nmr satu ini fakta loh klo hrga kebutuhan hidup naik khususnya buat pulau jawa lpg listrik b;['jek284']
;N_Target untuk mempermudah impor termasuk impor tenaga kerja dr luar;['jek284']
;N_Target najissss;['jendral']
;N_Target suka gw dong Maaf maaf maaf cebongers dilarang masuk;['jendral']
;N_Target astagfirulloh maksud saya itu mereka juga mengangap allah sebagai tuhan mereka tetapi mereka salah mengartikan yesus sebagai anak allah udah jgn didebat lagi ya saya memang kurang banyak mengetahui agama tp saya anggap allah tuhan kita;['jundu1135']
;N_Target maaf nih gua cm mau bilang klo tuhan mereka juga allah terlepas adanya tuhan yesus juga jd semuanya itu bertuhan kepada allah swt Jgn cela agamanya tapi cela orang yg menggunakan agama tersebut untuk kepentingan dirinya sendiri sekian t;['jundu1135']
;N_Target dia mentri Dan cek aja hasil kinerja nya Dari pda tidak sama skali Dr mna kita bsa mnilai nya;['kokopasi']
;N_Target Niat utk jatuhin pak anis sandi smga Allah melindungi beliau dr org yg berniat jhat zolim;['layla_as2008']
;N_Target uda ada niat ga bgus kyknya niih;['layla_as2008']
;N_Target tolong donk postingan ini diangkat ke akun ente min;['mahadewi161']
;N_Target iyaa ukhti Betul hehehe;['maharaniparahyangan']
;N_Target klo baca dari penjelasannya itu bukan SINGKATAN jadi ga ada kepanjangannya itu kayak KATA artinya celah menurutku sih gitu;['maharaniparahyangan']
;N_Target gini saya maunya usut dulu kevalidan foto di atas biar gak asal njeplak Ngapain ngusut kamu;['matnoorjaelani']
;N_Target jgn heran akhy demi fullus sgl cara di halalkan sm rezim dobol ini;['muslimalqassam']
;N_Target ADMIN KUPER ATAU GAPTEK YA KAN ITU PERNAH DI POST AMA AKUN MCA DAN UDAH DIKLARIFIKASI KALO KASIH FOTO JGN SATU AGAR TDK MENGGIRING OPINI RAKYAT MENJADI JELEK KPDA PK JKW DISAMPING SULTAN ITU KAN ADA PANGLIMA TNI DAN LAGIAN FOTO SAMA PRES;['muslimalqassam']
;N_Target akhy ana no satu org yg g suka sm kebijakan jokowi dgn sgl cara mrk membanned fb ana tp ana kgk nyerah untk menyuarakan kebenaran allahu akbar;['muslimalqassam']
;N_Target apa nggak malu kamu pake nama muslim tapi kamu memprovokasi orang mengajak orang lain membenci MANFAATNYA APA UNTUK ORANG LAIN Lebih baik menyebarkan berita yang bermanfaat;['muslimalqassam']
;N_Target asalamu alaikum sodaraqu saya mohon ma af tadi sebelum membaca seluruhnya saya sempat su uzon kepada saya pikir tadi mimin berjata ke si Pelanggan yang disangka pencuri sekali lagi saya mohon ma af;['muslimalqassam']
;N_Target eh cebong teriak cebong okey deh bong;['muslimalqassam']
;N_Target gregetan sama rezim sekarang m rasanya mau ane pites kyk kutu hanya rakyat yg berfikir sosok siapa yg sangat ambisisus menguasai negara ini;['muslimalqassam']
;N_Target JANGAN SAMPAI MEMBUAT ORANG MNJADI BERFIKIR TRNYATA YG ADU DOMBA ITU ORANG ISLAM JANGAN SAMPAI;['muslimalqassam']
;N_Target jika kalian ingin sekolah di bakar dan anak dibawah umur dicabuli Maka pilihlah pasangan yg diusung oleh partai yg berseberangan dengan PDIP;['muslimalqassam']
;N_Target kalaupun semoga beliau mendapat syafaat dari Rasul atas ijin Allah dah gt aja;['muslimalqassam']
;N_Target KALO SUKA BIKIN HOAX ADU DOMBA GANTI NAMA AKUNMU JANGAN PAKAI NAMA ISLAM;['muslimalqassam']
;N_Target Lah saya tanya berita itu HOAX APA BENER SIH MENURUTMU BAHWA PK JKW NGK SOPAN Dan saya katakan sistem pemerintahan sekarang;['muslimalqassam']
;N_Target lalu knpa bikin berita palsu menggiring opini orang agar lebih benci kepemerintah INI BERITA BASI YG SUDAH DIKLARIFIKASI TPI SKRANG DI POST LAGI;['muslimalqassam']
;Bubarin aja Ga mendidik;['None']
;Bukan Yudi itu judul lagunya Bang Haji Roma Irama N_Target;['bukanfotoglapel']
;Bukannya medan ke asmat berat wi jokowi;['None']
;Bukannya yang t itu ada hub dg PS Coba deh cek detailnya;['None']
;Busuk Masya Allah;['None']
;cacat banget di indo mah minta maaf kesalahan apa juga dimaafin kali yah giliran warga kita diperlakukan gak enak di deportase lah dilecehin agama nya lah dllnya giliran cina masuk kesini rombongan udh gitu pd blagu idup bebas berpendapat menca;['None']
;Cebong lagi ngomong mana ada yg percaya cebong;['None']
;Cebong lg sok sokan krna dlindungi pemerintahan yg bobrok psti nysel ni cebong krna g dlindungi oleh Allah SWT;['None']
;Cebong cebong;['None']
;cebongg tiba membela agamanya selama ini kemana ajah loe bongg mau dapet dukungan dari umat islam yah menjelang pemiluu;['None']
;Dasar Negara sdh tdk ada;['None']
;Jgn pernah meninggalkan ulama kiai ustad sendirian mulai sekarang harus selalu dikawal;['None']
;Sampe gak keliatan saking ramainyaajutaan cacing kali mksudnya min;['None']
;ISLAMJIHADPOLITIK;['None']
;Aamiin Yaa Robbal alamin;['None']
;Allohuakbar semoga menang tenggelamkan rezim munafik;['None']
;Allohuakbarr Gerindra Pan Pks Pbb;['None']
;Allahu Akbar;['None']
;N_Target betul;['ratu9757']
;Inilah yg ditakutkan orang munafik;['None']
;Naha nya jarempe ari islam diserang mah Helowww;['None']
;Assalamualaikum Sahabat dakwah Sudah punya topinya belum Cek di IG kami yah Ada topi tauhid banyak pilihan;['None']
;Assalamualaikum Sahabat dakwah Sudah punya topinya belum Cek di IG kami yah Ada topi tauhid banyak pilihan;['None']
;Ikhwan mo tanya gedung Joang dmn ya;['None']
;N_Target Jalan Menteng Raya No RT RW Kebon Sirih Menteng RT RW Kb Sirih Menteng Kota Jakarta Pusat;['dedijunaidi212']
;Syukron;['None']
;N_Target afwan ya akhi;['dedijunaidi212']
;Aamiin Yaa Rahman Yaa Rahiim;['None']
;Siaaap GERAK;['None']
;Bkan polisi yg bilang gila tapi saksi ahli;['None']
;Britamu Gak bermutu;['None']
